{
  "project_info": {
    "project_number": "385491412899",
    "firebase_url": "https://admob-app-id-2987241062.firebaseio.com",
    "project_id": "admob-app-id-2987241062",
    "storage_bucket": "admob-app-id-2987241062.appspot.com"
  },
  "client": [
    {
      "client_info": {
        "mobilesdk_app_id": "1:385491412899:android:22627ec1f6dc6094",
        "android_client_info": {
          "package_name": "com.smok95.jkqrcode"
        }
      },
      "oauth_client": [
        {
          "client_id": "385491412899-bft0hlqrm7471jf8vntlpo909cqm5787.apps.googleusercontent.com",
          "client_type": 3
        }
      ],
      "api_key": [
        {
          "current_key": "AIzaSyBsv8JT5-QH7jDEP0oX-iZDFlnSlSOzsko"
        }
      ],
      "services": {
        "appinvite_service": {
          "other_platform_oauth_client": [
            {
              "client_id": "385491412899-bft0hlqrm7471jf8vntlpo909cqm5787.apps.googleusercontent.com",
              "client_type": 3
            }
          ]
        }
      },
      "admob_app_id": "ca-app-pub-0843163070431190~2987241062"
    }
  ],
  "configuration_version": "1"
}